ID Gender,Gender,ID IPEDS Race,IPEDS Race,ID Year,Year,Completions,Geography,ID Geography,Slug Geography
1,"Men","asian","Asian",2021,"2021",46210,"California","04000US06","california"
1,"Men","black","Black or African American",2021,"2021",12420,"California","04000US06","california"
1,"Men","hawaiian","Native Hawaiian or Other Pacific Islanders",2021,"2021",1203,"California","04000US06","california"
1,"Men","hispanic","Hispanic or Latino",2021,"2021",94426,"California","04000US06","california"
1,"Men","multiracial","Two or More Races",2021,"2021",12159,"California","04000US06","california"
1,"Men","native","American Indian or Alaska Native",2021,"2021",781,"California","04000US06","california"
1,"Men","nonresident","Non-resident Alien",2021,"2021",22977,"California","04000US06","california"
1,"Men","unknown","Unknown",2021,"2021",14094,"California","04000US06","california"
1,"Men","white","White",2021,"2021",78152,"California","04000US06","california"
2,"Women","asian","Asian",2021,"2021",63299,"California","04000US06","california"
2,"Women","black","Black or African American",2021,"2021",23042,"California","04000US06","california"
2,"Women","hawaiian","Native Hawaiian or Other Pacific Islanders",2021,"2021",1859,"California","04000US06","california"
2,"Women","hispanic","Hispanic or Latino",2021,"2021",179473,"California","04000US06","california"
2,"Women","multiracial","Two or More Races",2021,"2021",19359,"California","04000US06","california"
2,"Women","native","American Indian or Alaska Native",2021,"2021",1516,"California","04000US06","california"
2,"Women","nonresident","Non-resident Alien",2021,"2021",22949,"California","04000US06","california"
2,"Women","unknown","Unknown",2021,"2021",19785,"California","04000US06","california"
2,"Women","white","White",2021,"2021",114297,"California","04000US06","california"
1,"Men","asian","Asian",2020,"2020",46258,"California","04000US06","california"
1,"Men","black","Black or African American",2020,"2020",12617,"California","04000US06","california"
1,"Men","hawaiian","Native Hawaiian or Other Pacific Islanders",2020,"2020",1208,"California","04000US06","california"
1,"Men","hispanic","Hispanic or Latino",2020,"2020",96822,"California","04000US06","california"
1,"Men","multiracial","Two or More Races",2020,"2020",12676,"California","04000US06","california"
1,"Men","native","American Indian or Alaska Native",2020,"2020",791,"California","04000US06","california"
1,"Men","nonresident","Non-resident Alien",2020,"2020",24548,"California","04000US06","california"
1,"Men","unknown","Unknown",2020,"2020",13812,"California","04000US06","california"
1,"Men","white","White",2020,"2020",82377,"California","04000US06","california"
2,"Women","asian","Asian",2020,"2020",60290,"California","04000US06","california"
2,"Women","black","Black or African American",2020,"2020",22414,"California","04000US06","california"
2,"Women","hawaiian","Native Hawaiian or Other Pacific Islanders",2020,"2020",1687,"California","04000US06","california"
2,"Women","hispanic","Hispanic or Latino",2020,"2020",167571,"California","04000US06","california"
2,"Women","multiracial","Two or More Races",2020,"2020",18557,"California","04000US06","california"
2,"Women","native","American Indian or Alaska Native",2020,"2020",1404,"California","04000US06","california"
2,"Women","nonresident","Non-resident Alien",2020,"2020",24994,"California","04000US06","california"
2,"Women","unknown","Unknown",2020,"2020",17675,"California","04000US06","california"
2,"Women","white","White",2020,"2020",112198,"California","04000US06","california"
1,"Men","asian","Asian",2019,"2019",45540,"California","04000US06","california"
1,"Men","black","Black or African American",2019,"2019",13138,"California","04000US06","california"
1,"Men","hawaiian","Native Hawaiian or Other Pacific Islanders",2019,"2019",1289,"California","04000US06","california"
1,"Men","hispanic","Hispanic or Latino",2019,"2019",95901,"California","04000US06","california"
1,"Men","multiracial","Two or More Races",2019,"2019",12342,"California","04000US06","california"
1,"Men","native","American Indian or Alaska Native",2019,"2019",924,"California","04000US06","california"
1,"Men","nonresident","Non-resident Alien",2019,"2019",24105,"California","04000US06","california"
1,"Men","unknown","Unknown",2019,"2019",13852,"California","04000US06","california"
1,"Men","white","White",2019,"2019",86959,"California","04000US06","california"
2,"Women","asian","Asian",2019,"2019",59309,"California","04000US06","california"
2,"Women","black","Black or African American",2019,"2019",22387,"California","04000US06","california"
2,"Women","hawaiian","Native Hawaiian or Other Pacific Islanders",2019,"2019",1757,"California","04000US06","california"
2,"Women","hispanic","Hispanic or Latino",2019,"2019",160623,"California","04000US06","california"
2,"Women","multiracial","Two or More Races",2019,"2019",17414,"California","04000US06","california"
2,"Women","native","American Indian or Alaska Native",2019,"2019",1372,"California","04000US06","california"
2,"Women","nonresident","Non-resident Alien",2019,"2019",24133,"California","04000US06","california"
2,"Women","unknown","Unknown",2019,"2019",16544,"California","04000US06","california"
2,"Women","white","White",2019,"2019",113509,"California","04000US06","california"
1,"Men","asian","Asian",2018,"2018",43282,"California","04000US06","california"
1,"Men","black","Black or African American",2018,"2018",13270,"California","04000US06","california"
1,"Men","hawaiian","Native Hawaiian or Other Pacific Islanders",2018,"2018",1383,"California","04000US06","california"
1,"Men","hispanic","Hispanic or Latino",2018,"2018",88142,"California","04000US06","california"
1,"Men","multiracial","Two or More Races",2018,"2018",11123,"California","04000US06","california"
1,"Men","native","American Indian or Alaska Native",2018,"2018",972,"California","04000US06","california"
1,"Men","nonresident","Non-resident Alien",2018,"2018",23403,"California","04000US06","california"
1,"Men","unknown","Unknown",2018,"2018",12955,"California","04000US06","california"
1,"Men","white","White",2018,"2018",86530,"California","04000US06","california"
2,"Women","asian","Asian",2018,"2018",55117,"California","04000US06","california"
2,"Women","black","Black or African American",2018,"2018",22253,"California","04000US06","california"
2,"Women","hawaiian","Native Hawaiian or Other Pacific Islanders",2018,"2018",1789,"California","04000US06","california"
2,"Women","hispanic","Hispanic or Latino",2018,"2018",144327,"California","04000US06","california"
2,"Women","multiracial","Two or More Races",2018,"2018",15874,"California","04000US06","california"
2,"Women","native","American Indian or Alaska Native",2018,"2018",1437,"California","04000US06","california"
2,"Women","nonresident","Non-resident Alien",2018,"2018",22910,"California","04000US06","california"
2,"Women","unknown","Unknown",2018,"2018",15310,"California","04000US06","california"
2,"Women","white","White",2018,"2018",109156,"California","04000US06","california"
1,"Men","asian","Asian",2017,"2017",40252,"California","04000US06","california"
1,"Men","black","Black or African American",2017,"2017",12666,"California","04000US06","california"
1,"Men","hawaiian","Native Hawaiian or Other Pacific Islanders",2017,"2017",1338,"California","04000US06","california"
1,"Men","hispanic","Hispanic or Latino",2017,"2017",75087,"California","04000US06","california"
1,"Men","multiracial","Two or More Races",2017,"2017",9907,"California","04000US06","california"
1,"Men","native","American Indian or Alaska Native",2017,"2017",892,"California","04000US06","california"
1,"Men","nonresident","Non-resident Alien",2017,"2017",21676,"California","04000US06","california"
1,"Men","unknown","Unknown",2017,"2017",12413,"California","04000US06","california"
1,"Men","white","White",2017,"2017",81290,"California","04000US06","california"
2,"Women","asian","Asian",2017,"2017",52110,"California","04000US06","california"
2,"Women","black","Black or African American",2017,"2017",21896,"California","04000US06","california"
2,"Women","hawaiian","Native Hawaiian or Other Pacific Islanders",2017,"2017",1740,"California","04000US06","california"
2,"Women","hispanic","Hispanic or Latino",2017,"2017",127487,"California","04000US06","california"
2,"Women","multiracial","Two or More Races",2017,"2017",14229,"California","04000US06","california"
2,"Women","native","American Indian or Alaska Native",2017,"2017",1386,"California","04000US06","california"
2,"Women","nonresident","Non-resident Alien",2017,"2017",20820,"California","04000US06","california"
2,"Women","unknown","Unknown",2017,"2017",14762,"California","04000US06","california"
2,"Women","white","White",2017,"2017",106746,"California","04000US06","california"
1,"Men","asian","Asian",2016,"2016",38663,"California","04000US06","california"
1,"Men","black","Black or African American",2016,"2016",12438,"California","04000US06","california"
1,"Men","hawaiian","Native Hawaiian or Other Pacific Islanders",2016,"2016",1286,"California","04000US06","california"
1,"Men","hispanic","Hispanic or Latino",2016,"2016",69943,"California","04000US06","california"
1,"Men","multiracial","Two or More Races",2016,"2016",8972,"California","04000US06","california"
1,"Men","native","American Indian or Alaska Native",2016,"2016",888,"California","04000US06","california"
1,"Men","nonresident","Non-resident Alien",2016,"2016",19822,"California","04000US06","california"
1,"Men","unknown","Unknown",2016,"2016",13373,"California","04000US06","california"
1,"Men","white","White",2016,"2016",81137,"California","04000US06","california"
2,"Women","asian","Asian",2016,"2016",50026,"California","04000US06","california"
2,"Women","black","Black or African American",2016,"2016",21390,"California","04000US06","california"
2,"Women","hawaiian","Native Hawaiian or Other Pacific Islanders",2016,"2016",1670,"California","04000US06","california"
2,"Women","hispanic","Hispanic or Latino",2016,"2016",117059,"California","04000US06","california"
2,"Women","multiracial","Two or More Races",2016,"2016",13455,"California","04000US06","california"
2,"Women","native","American Indian or Alaska Native",2016,"2016",1451,"California","04000US06","california"
2,"Women","nonresident","Non-resident Alien",2016,"2016",18640,"California","04000US06","california"
2,"Women","unknown","Unknown",2016,"2016",16028,"California","04000US06","california"
2,"Women","white","White",2016,"2016",106922,"California","04000US06","california"
1,"Men","asian","Asian",2015,"2015",37324,"California","04000US06","california"
1,"Men","black","Black or African American",2015,"2015",12674,"California","04000US06","california"
1,"Men","hawaiian","Native Hawaiian or Other Pacific Islanders",2015,"2015",1481,"California","04000US06","california"
1,"Men","hispanic","Hispanic or Latino",2015,"2015",63501,"California","04000US06","california"
1,"Men","multiracial","Two or More Races",2015,"2015",8361,"California","04000US06","california"
1,"Men","native","American Indian or Alaska Native",2015,"2015",964,"California","04000US06","california"
1,"Men","nonresident","Non-resident Alien",2015,"2015",16835,"California","04000US06","california"
1,"Men","unknown","Unknown",2015,"2015",14814,"California","04000US06","california"
1,"Men","white","White",2015,"2015",82196,"California","04000US06","california"
2,"Women","asian","Asian",2015,"2015",48306,"California","04000US06","california"
2,"Women","black","Black or African American",2015,"2015",21818,"California","04000US06","california"
2,"Women","hawaiian","Native Hawaiian or Other Pacific Islanders",2015,"2015",1796,"California","04000US06","california"
2,"Women","hispanic","Hispanic or Latino",2015,"2015",105220,"California","04000US06","california"
2,"Women","multiracial","Two or More Races",2015,"2015",12252,"California","04000US06","california"
2,"Women","native","American Indian or Alaska Native",2015,"2015",1529,"California","04000US06","california"
2,"Women","nonresident","Non-resident Alien",2015,"2015",16386,"California","04000US06","california"
2,"Women","unknown","Unknown",2015,"2015",18228,"California","04000US06","california"
2,"Women","white","White",2015,"2015",108643,"California","04000US06","california"
1,"Men","asian","Asian",2014,"2014",35911,"California","04000US06","california"
1,"Men","black","Black or African American",2014,"2014",12368,"California","04000US06","california"
1,"Men","hawaiian","Native Hawaiian or Other Pacific Islanders",2014,"2014",1564,"California","04000US06","california"
1,"Men","hispanic","Hispanic or Latino",2014,"2014",58206,"California","04000US06","california"
1,"Men","multiracial","Two or More Races",2014,"2014",7224,"California","04000US06","california"
1,"Men","native","American Indian or Alaska Native",2014,"2014",1037,"California","04000US06","california"
1,"Men","nonresident","Non-resident Alien",2014,"2014",14861,"California","04000US06","california"
1,"Men","unknown","Unknown",2014,"2014",17058,"California","04000US06","california"
1,"Men","white","White",2014,"2014",82260,"California","04000US06","california"
2,"Women","asian","Asian",2014,"2014",46334,"California","04000US06","california"
2,"Women","black","Black or African American",2014,"2014",22300,"California","04000US06","california"
2,"Women","hawaiian","Native Hawaiian or Other Pacific Islanders",2014,"2014",2009,"California","04000US06","california"
2,"Women","hispanic","Hispanic or Latino",2014,"2014",94991,"California","04000US06","california"
2,"Women","multiracial","Two or More Races",2014,"2014",11027,"California","04000US06","california"
2,"Women","native","American Indian or Alaska Native",2014,"2014",1651,"California","04000US06","california"
2,"Women","nonresident","Non-resident Alien",2014,"2014",14802,"California","04000US06","california"
2,"Women","unknown","Unknown",2014,"2014",21055,"California","04000US06","california"
2,"Women","white","White",2014,"2014",109999,"California","04000US06","california"
1,"Men","asian","Asian",2013,"2013",35570,"California","04000US06","california"
1,"Men","black","Black or African American",2013,"2013",11648,"California","04000US06","california"
1,"Men","hawaiian","Native Hawaiian or Other Pacific Islanders",2013,"2013",1593,"California","04000US06","california"
1,"Men","hispanic","Hispanic or Latino",2013,"2013",51883,"California","04000US06","california"
1,"Men","multiracial","Two or More Races",2013,"2013",5557,"California","04000US06","california"
1,"Men","native","American Indian or Alaska Native",2013,"2013",1081,"California","04000US06","california"
1,"Men","nonresident","Non-resident Alien",2013,"2013",13993,"California","04000US06","california"
1,"Men","unknown","Unknown",2013,"2013",18110,"California","04000US06","california"
1,"Men","white","White",2013,"2013",82274,"California","04000US06","california"
2,"Women","asian","Asian",2013,"2013",45973,"California","04000US06","california"
2,"Women","black","Black or African American",2013,"2013",21791,"California","04000US06","california"
2,"Women","hawaiian","Native Hawaiian or Other Pacific Islanders",2013,"2013",2185,"California","04000US06","california"
2,"Women","hispanic","Hispanic or Latino",2013,"2013",86256,"California","04000US06","california"
2,"Women","multiracial","Two or More Races",2013,"2013",8485,"California","04000US06","california"
2,"Women","native","American Indian or Alaska Native",2013,"2013",1833,"California","04000US06","california"
2,"Women","nonresident","Non-resident Alien",2013,"2013",12810,"California","04000US06","california"
2,"Women","unknown","Unknown",2013,"2013",22245,"California","04000US06","california"
2,"Women","white","White",2013,"2013",109761,"California","04000US06","california"
1,"Men","asian","Asian",2012,"2012",33438,"California","04000US06","california"
1,"Men","black","Black or African American",2012,"2012",10734,"California","04000US06","california"
1,"Men","hawaiian","Native Hawaiian or Other Pacific Islanders",2012,"2012",1436,"California","04000US06","california"
1,"Men","hispanic","Hispanic or Latino",2012,"2012",46644,"California","04000US06","california"
1,"Men","multiracial","Two or More Races",2012,"2012",3712,"California","04000US06","california"
1,"Men","native","American Indian or Alaska Native",2012,"2012",1247,"California","04000US06","california"
1,"Men","nonresident","Non-resident Alien",2012,"2012",13192,"California","04000US06","california"
1,"Men","unknown","Unknown",2012,"2012",20941,"California","04000US06","california"
1,"Men","white","White",2012,"2012",78708,"California","04000US06","california"
2,"Women","asian","Asian",2012,"2012",44471,"California","04000US06","california"
2,"Women","black","Black or African American",2012,"2012",20221,"California","04000US06","california"
2,"Women","hawaiian","Native Hawaiian or Other Pacific Islanders",2012,"2012",2120,"California","04000US06","california"
2,"Women","hispanic","Hispanic or Latino",2012,"2012",79927,"California","04000US06","california"
2,"Women","multiracial","Two or More Races",2012,"2012",6390,"California","04000US06","california"
2,"Women","native","American Indian or Alaska Native",2012,"2012",1908,"California","04000US06","california"
2,"Women","nonresident","Non-resident Alien",2012,"2012",12188,"California","04000US06","california"
2,"Women","unknown","Unknown",2012,"2012",24251,"California","04000US06","california"
2,"Women","white","White",2012,"2012",108585,"California","04000US06","california"